--------------------------------------------------------
--  File created - Monday-April-15-2019   
--------------------------------------------------------
--------------------------------------------------------
--  DDL for Table ADDRESS
--------------------------------------------------------

  CREATE TABLE "SCHOOL"."ADDRESS" 
   (	"ID" NUMBER, 
	"COUNTRY" VARCHAR2(50 BYTE), 
	"CITY" VARCHAR2(50 BYTE), 
	"STREET" VARCHAR2(50 BYTE), 
	"NMBR" VARCHAR2(20 BYTE), 
	"FLOOR" NUMBER, 
	"APARTMENT_NO" NUMBER
   ) SEGMENT CREATION IMMEDIATE 
  PCTFREE 10 PCTUSED 40 INITRANS 1 MAXTRANS 255 NOCOMPRESS LOGGING
  STORAGE(INITIAL 65536 NEXT 1048576 MINEXTENTS 1 MAXEXTENTS 2147483645
  PCTINCREASE 0 FREELISTS 1 FREELIST GROUPS 1 BUFFER_POOL DEFAULT FLASH_CACHE DEFAULT CELL_FLASH_CACHE DEFAULT)
  TABLESPACE "SYSTEM" ;
--------------------------------------------------------
--  DDL for Table DISCIPLINES
--------------------------------------------------------

  CREATE TABLE "SCHOOL"."DISCIPLINES" 
   (	"ID" NUMBER, 
	"NAME" VARCHAR2(30 BYTE)
   ) SEGMENT CREATION IMMEDIATE 
  PCTFREE 10 PCTUSED 40 INITRANS 1 MAXTRANS 255 NOCOMPRESS LOGGING
  STORAGE(INITIAL 65536 NEXT 1048576 MINEXTENTS 1 MAXEXTENTS 2147483645
  PCTINCREASE 0 FREELISTS 1 FREELIST GROUPS 1 BUFFER_POOL DEFAULT FLASH_CACHE DEFAULT CELL_FLASH_CACHE DEFAULT)
  TABLESPACE "SYSTEM" ;
--------------------------------------------------------
--  DDL for Table DISCIPLINES_STUDIED
--------------------------------------------------------

  CREATE TABLE "SCHOOL"."DISCIPLINES_STUDIED" 
   (	"ID" NUMBER, 
	"STUDENT_ID" NUMBER, 
	"DISCIPLINE_ID" NUMBER
   ) SEGMENT CREATION IMMEDIATE 
  PCTFREE 10 PCTUSED 40 INITRANS 1 MAXTRANS 255 NOCOMPRESS LOGGING
  STORAGE(INITIAL 65536 NEXT 1048576 MINEXTENTS 1 MAXEXTENTS 2147483645
  PCTINCREASE 0 FREELISTS 1 FREELIST GROUPS 1 BUFFER_POOL DEFAULT FLASH_CACHE DEFAULT CELL_FLASH_CACHE DEFAULT)
  TABLESPACE "SYSTEM" ;
--------------------------------------------------------
--  DDL for Table DISCIPLINES_TAUGHT
--------------------------------------------------------

  CREATE TABLE "SCHOOL"."DISCIPLINES_TAUGHT" 
   (	"ID" NUMBER, 
	"TEACHER_ID" NUMBER, 
	"DISCIPLINE_ID" NUMBER
   ) SEGMENT CREATION IMMEDIATE 
  PCTFREE 10 PCTUSED 40 INITRANS 1 MAXTRANS 255 NOCOMPRESS LOGGING
  STORAGE(INITIAL 65536 NEXT 1048576 MINEXTENTS 1 MAXEXTENTS 2147483645
  PCTINCREASE 0 FREELISTS 1 FREELIST GROUPS 1 BUFFER_POOL DEFAULT FLASH_CACHE DEFAULT CELL_FLASH_CACHE DEFAULT)
  TABLESPACE "SYSTEM" ;
--------------------------------------------------------
--  DDL for Table STUDENTS
--------------------------------------------------------

  CREATE TABLE "SCHOOL"."STUDENTS" 
   (	"ID" NUMBER, 
	"NAME" VARCHAR2(50 BYTE), 
	"ENROLLMENT_DATE" DATE, 
	"ADDRESS_ID" NUMBER
   ) SEGMENT CREATION IMMEDIATE 
  PCTFREE 10 PCTUSED 40 INITRANS 1 MAXTRANS 255 NOCOMPRESS LOGGING
  STORAGE(INITIAL 65536 NEXT 1048576 MINEXTENTS 1 MAXEXTENTS 2147483645
  PCTINCREASE 0 FREELISTS 1 FREELIST GROUPS 1 BUFFER_POOL DEFAULT FLASH_CACHE DEFAULT CELL_FLASH_CACHE DEFAULT)
  TABLESPACE "SYSTEM" ;
--------------------------------------------------------
--  DDL for Table TEACHERS
--------------------------------------------------------

  CREATE TABLE "SCHOOL"."TEACHERS" 
   (	"ID" NUMBER, 
	"NAME" VARCHAR2(50 BYTE), 
	"SALARY" NUMBER(7,2), 
	"EMAIL" VARCHAR2(50 BYTE), 
	"ADDRESS_ID" NUMBER
   ) SEGMENT CREATION IMMEDIATE 
  PCTFREE 10 PCTUSED 40 INITRANS 1 MAXTRANS 255 NOCOMPRESS LOGGING
  STORAGE(INITIAL 65536 NEXT 1048576 MINEXTENTS 1 MAXEXTENTS 2147483645
  PCTINCREASE 0 FREELISTS 1 FREELIST GROUPS 1 BUFFER_POOL DEFAULT FLASH_CACHE DEFAULT CELL_FLASH_CACHE DEFAULT)
  TABLESPACE "SYSTEM" ;
REM INSERTING into SCHOOL.ADDRESS
SET DEFINE OFF;
Insert into SCHOOL.ADDRESS (ID,COUNTRY,CITY,STREET,NMBR,FLOOR,APARTMENT_NO) values (1,'BULGARIA','SOFIA','Donducov','11',3,24);
Insert into SCHOOL.ADDRESS (ID,COUNTRY,CITY,STREET,NMBR,FLOOR,APARTMENT_NO) values (2,'BULGARIA','SOFIA','Kostenski vodopad','24',5,12);
Insert into SCHOOL.ADDRESS (ID,COUNTRY,CITY,STREET,NMBR,FLOOR,APARTMENT_NO) values (3,'BULGARIA','SOFIA','Levski','3A',1,1);
Insert into SCHOOL.ADDRESS (ID,COUNTRY,CITY,STREET,NMBR,FLOOR,APARTMENT_NO) values (4,'BULGARIA','SOFIA','Tsarigrasko shose','113B',2,23);
Insert into SCHOOL.ADDRESS (ID,COUNTRY,CITY,STREET,NMBR,FLOOR,APARTMENT_NO) values (5,'BULGARIA','SOFIA','Kostenski vodopad','13',4,7);
Insert into SCHOOL.ADDRESS (ID,COUNTRY,CITY,STREET,NMBR,FLOOR,APARTMENT_NO) values (6,'BULGARIA','SOFIA','Levski','3B',1,12);
Insert into SCHOOL.ADDRESS (ID,COUNTRY,CITY,STREET,NMBR,FLOOR,APARTMENT_NO) values (7,'BULGARIA','SOFIA','Tsarigrasko shose','76',3,2);
Insert into SCHOOL.ADDRESS (ID,COUNTRY,CITY,STREET,NMBR,FLOOR,APARTMENT_NO) values (8,'BULGARIA','SOFIA','Todor Kableshkov','131',4,27);
REM INSERTING into SCHOOL.DISCIPLINES
SET DEFINE OFF;
Insert into SCHOOL.DISCIPLINES (ID,NAME) values (1,'Mathematics');
Insert into SCHOOL.DISCIPLINES (ID,NAME) values (2,'Geography');
Insert into SCHOOL.DISCIPLINES (ID,NAME) values (3,'Physics');
Insert into SCHOOL.DISCIPLINES (ID,NAME) values (4,'Informatics');
REM INSERTING into SCHOOL.DISCIPLINES_STUDIED
SET DEFINE OFF;
Insert into SCHOOL.DISCIPLINES_STUDIED (ID,STUDENT_ID,DISCIPLINE_ID) values (1,1,1);
Insert into SCHOOL.DISCIPLINES_STUDIED (ID,STUDENT_ID,DISCIPLINE_ID) values (2,1,2);
Insert into SCHOOL.DISCIPLINES_STUDIED (ID,STUDENT_ID,DISCIPLINE_ID) values (3,2,2);
Insert into SCHOOL.DISCIPLINES_STUDIED (ID,STUDENT_ID,DISCIPLINE_ID) values (4,2,3);
Insert into SCHOOL.DISCIPLINES_STUDIED (ID,STUDENT_ID,DISCIPLINE_ID) values (5,3,1);
Insert into SCHOOL.DISCIPLINES_STUDIED (ID,STUDENT_ID,DISCIPLINE_ID) values (6,3,3);
Insert into SCHOOL.DISCIPLINES_STUDIED (ID,STUDENT_ID,DISCIPLINE_ID) values (7,3,4);
REM INSERTING into SCHOOL.DISCIPLINES_TAUGHT
SET DEFINE OFF;
Insert into SCHOOL.DISCIPLINES_TAUGHT (ID,TEACHER_ID,DISCIPLINE_ID) values (1,1,1);
Insert into SCHOOL.DISCIPLINES_TAUGHT (ID,TEACHER_ID,DISCIPLINE_ID) values (2,2,2);
Insert into SCHOOL.DISCIPLINES_TAUGHT (ID,TEACHER_ID,DISCIPLINE_ID) values (3,2,3);
Insert into SCHOOL.DISCIPLINES_TAUGHT (ID,TEACHER_ID,DISCIPLINE_ID) values (4,3,1);
Insert into SCHOOL.DISCIPLINES_TAUGHT (ID,TEACHER_ID,DISCIPLINE_ID) values (5,3,3);
REM INSERTING into SCHOOL.STUDENTS
SET DEFINE OFF;
Insert into SCHOOL.STUDENTS (ID,NAME,ENROLLMENT_DATE,ADDRESS_ID) values (1,'Georgi Georgiev',to_date('22-OCT-00','DD-MON-RR'),5);
Insert into SCHOOL.STUDENTS (ID,NAME,ENROLLMENT_DATE,ADDRESS_ID) values (2,'Stoyan Ivanov',to_date('18-NOV-10','DD-MON-RR'),6);
Insert into SCHOOL.STUDENTS (ID,NAME,ENROLLMENT_DATE,ADDRESS_ID) values (3,'Mariya Grozdanova',to_date('27-MAY-08','DD-MON-RR'),7);
Insert into SCHOOL.STUDENTS (ID,NAME,ENROLLMENT_DATE,ADDRESS_ID) values (4,'Stefaniya Petkova',to_date('12-JAN-07','DD-MON-RR'),8);
REM INSERTING into SCHOOL.TEACHERS
SET DEFINE OFF;
Insert into SCHOOL.TEACHERS (ID,NAME,SALARY,EMAIL,ADDRESS_ID) values (1,'Peter Ivanov',1921.5,' pivanov@gmail.com',1);
Insert into SCHOOL.TEACHERS (ID,NAME,SALARY,EMAIL,ADDRESS_ID) values (2,'Georgi Stoimenov',1787.25,'stoimenov@gmail.com',2);
Insert into SCHOOL.TEACHERS (ID,NAME,SALARY,EMAIL,ADDRESS_ID) values (3,'Nataliya Yordanova',1888.21,'nyyoo@abv.bg',3);
Insert into SCHOOL.TEACHERS (ID,NAME,SALARY,EMAIL,ADDRESS_ID) values (4,'Simeon Prodanov',1341.6,'sprod@yahoo.com',4);
--------------------------------------------------------
--  DDL for Index ADDRESS_PK
--------------------------------------------------------

  CREATE UNIQUE INDEX "SCHOOL"."ADDRESS_PK" ON "SCHOOL"."ADDRESS" ("ID") 
  PCTFREE 10 INITRANS 2 MAXTRANS 255 
  STORAGE(INITIAL 65536 NEXT 1048576 MINEXTENTS 1 MAXEXTENTS 2147483645
  PCTINCREASE 0 FREELISTS 1 FREELIST GROUPS 1 BUFFER_POOL DEFAULT FLASH_CACHE DEFAULT CELL_FLASH_CACHE DEFAULT)
  TABLESPACE "SYSTEM" ;
--------------------------------------------------------
--  DDL for Index DISCIPLINES_STUDIED_PK
--------------------------------------------------------

  CREATE UNIQUE INDEX "SCHOOL"."DISCIPLINES_STUDIED_PK" ON "SCHOOL"."DISCIPLINES_STUDIED" ("ID") 
  PCTFREE 10 INITRANS 2 MAXTRANS 255 
  STORAGE(INITIAL 65536 NEXT 1048576 MINEXTENTS 1 MAXEXTENTS 2147483645
  PCTINCREASE 0 FREELISTS 1 FREELIST GROUPS 1 BUFFER_POOL DEFAULT FLASH_CACHE DEFAULT CELL_FLASH_CACHE DEFAULT)
  TABLESPACE "SYSTEM" ;
--------------------------------------------------------
--  DDL for Index DISCIPLINES_PK
--------------------------------------------------------

  CREATE UNIQUE INDEX "SCHOOL"."DISCIPLINES_PK" ON "SCHOOL"."DISCIPLINES" ("ID") 
  PCTFREE 10 INITRANS 2 MAXTRANS 255 
  STORAGE(INITIAL 65536 NEXT 1048576 MINEXTENTS 1 MAXEXTENTS 2147483645
  PCTINCREASE 0 FREELISTS 1 FREELIST GROUPS 1 BUFFER_POOL DEFAULT FLASH_CACHE DEFAULT CELL_FLASH_CACHE DEFAULT)
  TABLESPACE "SYSTEM" ;
--------------------------------------------------------
--  DDL for Index STUDENTS_PK
--------------------------------------------------------

  CREATE UNIQUE INDEX "SCHOOL"."STUDENTS_PK" ON "SCHOOL"."STUDENTS" ("ID") 
  PCTFREE 10 INITRANS 2 MAXTRANS 255 
  STORAGE(INITIAL 65536 NEXT 1048576 MINEXTENTS 1 MAXEXTENTS 2147483645
  PCTINCREASE 0 FREELISTS 1 FREELIST GROUPS 1 BUFFER_POOL DEFAULT FLASH_CACHE DEFAULT CELL_FLASH_CACHE DEFAULT)
  TABLESPACE "SYSTEM" ;
--------------------------------------------------------
--  DDL for Index TEACHERS_PK
--------------------------------------------------------

  CREATE UNIQUE INDEX "SCHOOL"."TEACHERS_PK" ON "SCHOOL"."TEACHERS" ("ID") 
  PCTFREE 10 INITRANS 2 MAXTRANS 255 COMPUTE STATISTICS 
  STORAGE(INITIAL 65536 NEXT 1048576 MINEXTENTS 1 MAXEXTENTS 2147483645
  PCTINCREASE 0 FREELISTS 1 FREELIST GROUPS 1 BUFFER_POOL DEFAULT FLASH_CACHE DEFAULT CELL_FLASH_CACHE DEFAULT)
  TABLESPACE "SYSTEM" ;
--------------------------------------------------------
--  DDL for Index DISCIPLINES_TAUGHT_PK
--------------------------------------------------------

  CREATE UNIQUE INDEX "SCHOOL"."DISCIPLINES_TAUGHT_PK" ON "SCHOOL"."DISCIPLINES_TAUGHT" ("ID") 
  PCTFREE 10 INITRANS 2 MAXTRANS 255 
  STORAGE(INITIAL 65536 NEXT 1048576 MINEXTENTS 1 MAXEXTENTS 2147483645
  PCTINCREASE 0 FREELISTS 1 FREELIST GROUPS 1 BUFFER_POOL DEFAULT FLASH_CACHE DEFAULT CELL_FLASH_CACHE DEFAULT)
  TABLESPACE "SYSTEM" ;
--------------------------------------------------------
--  Constraints for Table DISCIPLINES_STUDIED
--------------------------------------------------------

  ALTER TABLE "SCHOOL"."DISCIPLINES_STUDIED" ADD CONSTRAINT "DISCIPLINES_STUDIED_PK" PRIMARY KEY ("ID")
  USING INDEX PCTFREE 10 INITRANS 2 MAXTRANS 255 
  STORAGE(INITIAL 65536 NEXT 1048576 MINEXTENTS 1 MAXEXTENTS 2147483645
  PCTINCREASE 0 FREELISTS 1 FREELIST GROUPS 1 BUFFER_POOL DEFAULT FLASH_CACHE DEFAULT CELL_FLASH_CACHE DEFAULT)
  TABLESPACE "SYSTEM"  ENABLE;
  ALTER TABLE "SCHOOL"."DISCIPLINES_STUDIED" MODIFY ("ID" NOT NULL ENABLE);
--------------------------------------------------------
--  Constraints for Table DISCIPLINES_TAUGHT
--------------------------------------------------------

  ALTER TABLE "SCHOOL"."DISCIPLINES_TAUGHT" ADD CONSTRAINT "DISCIPLINES_TAUGHT_PK" PRIMARY KEY ("ID")
  USING INDEX PCTFREE 10 INITRANS 2 MAXTRANS 255 
  STORAGE(INITIAL 65536 NEXT 1048576 MINEXTENTS 1 MAXEXTENTS 2147483645
  PCTINCREASE 0 FREELISTS 1 FREELIST GROUPS 1 BUFFER_POOL DEFAULT FLASH_CACHE DEFAULT CELL_FLASH_CACHE DEFAULT)
  TABLESPACE "SYSTEM"  ENABLE;
  ALTER TABLE "SCHOOL"."DISCIPLINES_TAUGHT" MODIFY ("ID" NOT NULL ENABLE);
--------------------------------------------------------
--  Constraints for Table STUDENTS
--------------------------------------------------------

  ALTER TABLE "SCHOOL"."STUDENTS" ADD CONSTRAINT "STUDENTS_PK" PRIMARY KEY ("ID")
  USING INDEX PCTFREE 10 INITRANS 2 MAXTRANS 255 
  STORAGE(INITIAL 65536 NEXT 1048576 MINEXTENTS 1 MAXEXTENTS 2147483645
  PCTINCREASE 0 FREELISTS 1 FREELIST GROUPS 1 BUFFER_POOL DEFAULT FLASH_CACHE DEFAULT CELL_FLASH_CACHE DEFAULT)
  TABLESPACE "SYSTEM"  ENABLE;
  ALTER TABLE "SCHOOL"."STUDENTS" MODIFY ("ID" NOT NULL ENABLE);
--------------------------------------------------------
--  Constraints for Table DISCIPLINES
--------------------------------------------------------

  ALTER TABLE "SCHOOL"."DISCIPLINES" ADD CONSTRAINT "DISCIPLINES_PK" PRIMARY KEY ("ID")
  USING INDEX PCTFREE 10 INITRANS 2 MAXTRANS 255 
  STORAGE(INITIAL 65536 NEXT 1048576 MINEXTENTS 1 MAXEXTENTS 2147483645
  PCTINCREASE 0 FREELISTS 1 FREELIST GROUPS 1 BUFFER_POOL DEFAULT FLASH_CACHE DEFAULT CELL_FLASH_CACHE DEFAULT)
  TABLESPACE "SYSTEM"  ENABLE;
  ALTER TABLE "SCHOOL"."DISCIPLINES" MODIFY ("ID" NOT NULL ENABLE);
--------------------------------------------------------
--  Constraints for Table TEACHERS
--------------------------------------------------------

  ALTER TABLE "SCHOOL"."TEACHERS" ADD CONSTRAINT "TEACHERS_PK" PRIMARY KEY ("ID")
  USING INDEX PCTFREE 10 INITRANS 2 MAXTRANS 255 COMPUTE STATISTICS 
  STORAGE(INITIAL 65536 NEXT 1048576 MINEXTENTS 1 MAXEXTENTS 2147483645
  PCTINCREASE 0 FREELISTS 1 FREELIST GROUPS 1 BUFFER_POOL DEFAULT FLASH_CACHE DEFAULT CELL_FLASH_CACHE DEFAULT)
  TABLESPACE "SYSTEM"  ENABLE;
  ALTER TABLE "SCHOOL"."TEACHERS" MODIFY ("ID" NOT NULL ENABLE);
--------------------------------------------------------
--  Constraints for Table ADDRESS
--------------------------------------------------------

  ALTER TABLE "SCHOOL"."ADDRESS" ADD CONSTRAINT "ADDRESS_PK" PRIMARY KEY ("ID")
  USING INDEX PCTFREE 10 INITRANS 2 MAXTRANS 255 
  STORAGE(INITIAL 65536 NEXT 1048576 MINEXTENTS 1 MAXEXTENTS 2147483645
  PCTINCREASE 0 FREELISTS 1 FREELIST GROUPS 1 BUFFER_POOL DEFAULT FLASH_CACHE DEFAULT CELL_FLASH_CACHE DEFAULT)
  TABLESPACE "SYSTEM"  ENABLE;
  ALTER TABLE "SCHOOL"."ADDRESS" MODIFY ("ID" NOT NULL ENABLE);
--------------------------------------------------------
--  Ref Constraints for Table DISCIPLINES_STUDIED
--------------------------------------------------------

  ALTER TABLE "SCHOOL"."DISCIPLINES_STUDIED" ADD CONSTRAINT "DISCIPLINES_STUDIED_FK1" FOREIGN KEY ("STUDENT_ID")
	  REFERENCES "SCHOOL"."STUDENTS" ("ID") ENABLE;
  ALTER TABLE "SCHOOL"."DISCIPLINES_STUDIED" ADD CONSTRAINT "DISCIPLINES_STUDIED_FK2" FOREIGN KEY ("DISCIPLINE_ID")
	  REFERENCES "SCHOOL"."DISCIPLINES" ("ID") ENABLE;
--------------------------------------------------------
--  Ref Constraints for Table DISCIPLINES_TAUGHT
--------------------------------------------------------

  ALTER TABLE "SCHOOL"."DISCIPLINES_TAUGHT" ADD CONSTRAINT "DISCIPLINES_TAUGHT_FK1" FOREIGN KEY ("TEACHER_ID")
	  REFERENCES "SCHOOL"."TEACHERS" ("ID") ENABLE;
  ALTER TABLE "SCHOOL"."DISCIPLINES_TAUGHT" ADD CONSTRAINT "DISCIPLINES_TAUGHT_FK2" FOREIGN KEY ("DISCIPLINE_ID")
	  REFERENCES "SCHOOL"."DISCIPLINES" ("ID") ENABLE;
--------------------------------------------------------
--  Ref Constraints for Table STUDENTS
--------------------------------------------------------

  ALTER TABLE "SCHOOL"."STUDENTS" ADD CONSTRAINT "STUDENTS_FK1" FOREIGN KEY ("ID")
	  REFERENCES "SCHOOL"."ADDRESS" ("ID") ENABLE;
--------------------------------------------------------
--  Ref Constraints for Table TEACHERS
--------------------------------------------------------

  ALTER TABLE "SCHOOL"."TEACHERS" ADD CONSTRAINT "TEACHERS_FK1" FOREIGN KEY ("ID")
	  REFERENCES "SCHOOL"."ADDRESS" ("ID") ENABLE;
