--------------------------------------------------------
--  File created - Tuesday-April-16-2019   
--------------------------------------------------------
--------------------------------------------------------
--  DDL for Table ADDRESSES
--------------------------------------------------------

  CREATE TABLE "ADDRESSDB"."ADDRESSES" 
   (	"ID" NUMBER, 
	"STREET_ID" NUMBER, 
	"NMBR" VARCHAR2(20 BYTE), 
	"APARTMENTNO" NUMBER
   ) SEGMENT CREATION IMMEDIATE 
  PCTFREE 10 PCTUSED 40 INITRANS 1 MAXTRANS 255 NOCOMPRESS LOGGING
  STORAGE(INITIAL 65536 NEXT 1048576 MINEXTENTS 1 MAXEXTENTS 2147483645
  PCTINCREASE 0 FREELISTS 1 FREELIST GROUPS 1 BUFFER_POOL DEFAULT FLASH_CACHE DEFAULT CELL_FLASH_CACHE DEFAULT)
  TABLESPACE "SYSTEM" ;
--------------------------------------------------------
--  DDL for Table COUNTRIES
--------------------------------------------------------

  CREATE TABLE "ADDRESSDB"."COUNTRIES" 
   (	"ID" NUMBER, 
	"NAME" VARCHAR2(30 BYTE)
   ) SEGMENT CREATION IMMEDIATE 
  PCTFREE 10 PCTUSED 40 INITRANS 1 MAXTRANS 255 NOCOMPRESS LOGGING
  STORAGE(INITIAL 65536 NEXT 1048576 MINEXTENTS 1 MAXEXTENTS 2147483645
  PCTINCREASE 0 FREELISTS 1 FREELIST GROUPS 1 BUFFER_POOL DEFAULT FLASH_CACHE DEFAULT CELL_FLASH_CACHE DEFAULT)
  TABLESPACE "SYSTEM" ;
--------------------------------------------------------
--  DDL for Table MUNICIPALITIES
--------------------------------------------------------

  CREATE TABLE "ADDRESSDB"."MUNICIPALITIES" 
   (	"ID" NUMBER, 
	"NAME" VARCHAR2(30 BYTE), 
	"POSTAL_CODE" VARCHAR2(20 BYTE), 
	"POPULATED_AREA_ID" NUMBER
   ) SEGMENT CREATION IMMEDIATE 
  PCTFREE 10 PCTUSED 40 INITRANS 1 MAXTRANS 255 NOCOMPRESS LOGGING
  STORAGE(INITIAL 65536 NEXT 1048576 MINEXTENTS 1 MAXEXTENTS 2147483645
  PCTINCREASE 0 FREELISTS 1 FREELIST GROUPS 1 BUFFER_POOL DEFAULT FLASH_CACHE DEFAULT CELL_FLASH_CACHE DEFAULT)
  TABLESPACE "SYSTEM" ;
--------------------------------------------------------
--  DDL for Table POPULATED_AREAS
--------------------------------------------------------

  CREATE TABLE "ADDRESSDB"."POPULATED_AREAS" 
   (	"ID" NUMBER, 
	"NAME" VARCHAR2(30 BYTE), 
	"TYPE_ID" NUMBER, 
	"REGION_ID" NUMBER
   ) SEGMENT CREATION IMMEDIATE 
  PCTFREE 10 PCTUSED 40 INITRANS 1 MAXTRANS 255 NOCOMPRESS LOGGING
  STORAGE(INITIAL 65536 NEXT 1048576 MINEXTENTS 1 MAXEXTENTS 2147483645
  PCTINCREASE 0 FREELISTS 1 FREELIST GROUPS 1 BUFFER_POOL DEFAULT FLASH_CACHE DEFAULT CELL_FLASH_CACHE DEFAULT)
  TABLESPACE "SYSTEM" ;
--------------------------------------------------------
--  DDL for Table POPULATED_AREA_TYPES
--------------------------------------------------------

  CREATE TABLE "ADDRESSDB"."POPULATED_AREA_TYPES" 
   (	"ID" NUMBER, 
	"NAME" VARCHAR2(20 BYTE)
   ) SEGMENT CREATION IMMEDIATE 
  PCTFREE 10 PCTUSED 40 INITRANS 1 MAXTRANS 255 NOCOMPRESS LOGGING
  STORAGE(INITIAL 65536 NEXT 1048576 MINEXTENTS 1 MAXEXTENTS 2147483645
  PCTINCREASE 0 FREELISTS 1 FREELIST GROUPS 1 BUFFER_POOL DEFAULT FLASH_CACHE DEFAULT CELL_FLASH_CACHE DEFAULT)
  TABLESPACE "SYSTEM" ;
--------------------------------------------------------
--  DDL for Table REGIONS
--------------------------------------------------------

  CREATE TABLE "ADDRESSDB"."REGIONS" 
   (	"ID" NUMBER, 
	"NAME" VARCHAR2(20 BYTE), 
	"COUNTRY_ID" NUMBER
   ) SEGMENT CREATION IMMEDIATE 
  PCTFREE 10 PCTUSED 40 INITRANS 1 MAXTRANS 255 NOCOMPRESS LOGGING
  STORAGE(INITIAL 65536 NEXT 1048576 MINEXTENTS 1 MAXEXTENTS 2147483645
  PCTINCREASE 0 FREELISTS 1 FREELIST GROUPS 1 BUFFER_POOL DEFAULT FLASH_CACHE DEFAULT CELL_FLASH_CACHE DEFAULT)
  TABLESPACE "SYSTEM" ;
--------------------------------------------------------
--  DDL for Table STREETS
--------------------------------------------------------

  CREATE TABLE "ADDRESSDB"."STREETS" 
   (	"ID" NUMBER, 
	"NAME" VARCHAR2(50 BYTE), 
	"MUNICIPALITY_ID" NUMBER
   ) SEGMENT CREATION IMMEDIATE 
  PCTFREE 10 PCTUSED 40 INITRANS 1 MAXTRANS 255 NOCOMPRESS LOGGING
  STORAGE(INITIAL 65536 NEXT 1048576 MINEXTENTS 1 MAXEXTENTS 2147483645
  PCTINCREASE 0 FREELISTS 1 FREELIST GROUPS 1 BUFFER_POOL DEFAULT FLASH_CACHE DEFAULT CELL_FLASH_CACHE DEFAULT)
  TABLESPACE "SYSTEM" ;
REM INSERTING into ADDRESSDB.ADDRESSES
SET DEFINE OFF;
Insert into ADDRESSDB.ADDRESSES (ID,STREET_ID,NMBR,APARTMENTNO) values (1,1,'247B',60);
Insert into ADDRESSDB.ADDRESSES (ID,STREET_ID,NMBR,APARTMENTNO) values (2,2,'13',2);
Insert into ADDRESSDB.ADDRESSES (ID,STREET_ID,NMBR,APARTMENTNO) values (3,3,'1',1);
REM INSERTING into ADDRESSDB.COUNTRIES
SET DEFINE OFF;
Insert into ADDRESSDB.COUNTRIES (ID,NAME) values (1,'BULGARIA');
Insert into ADDRESSDB.COUNTRIES (ID,NAME) values (2,'ENGLAND');
REM INSERTING into ADDRESSDB.MUNICIPALITIES
SET DEFINE OFF;
Insert into ADDRESSDB.MUNICIPALITIES (ID,NAME,POSTAL_CODE,POPULATED_AREA_ID) values (1,'Primorsko','8290',1);
Insert into ADDRESSDB.MUNICIPALITIES (ID,NAME,POSTAL_CODE,POPULATED_AREA_ID) values (2,'Biala','9101',4);
Insert into ADDRESSDB.MUNICIPALITIES (ID,NAME,POSTAL_CODE,POPULATED_AREA_ID) values (3,'Drujba 1','1592',5);
Insert into ADDRESSDB.MUNICIPALITIES (ID,NAME,POSTAL_CODE,POPULATED_AREA_ID) values (4,'Drujba 2','1582',5);
Insert into ADDRESSDB.MUNICIPALITIES (ID,NAME,POSTAL_CODE,POPULATED_AREA_ID) values (5,'Gotse Delchev','1404',5);
REM INSERTING into ADDRESSDB.POPULATED_AREAS
SET DEFINE OFF;
Insert into ADDRESSDB.POPULATED_AREAS (ID,NAME,TYPE_ID,REGION_ID) values (1,'Primorsko',1,2);
Insert into ADDRESSDB.POPULATED_AREAS (ID,NAME,TYPE_ID,REGION_ID) values (2,'Kladnica',2,5);
Insert into ADDRESSDB.POPULATED_AREAS (ID,NAME,TYPE_ID,REGION_ID) values (3,'Biala',1,4);
Insert into ADDRESSDB.POPULATED_AREAS (ID,NAME,TYPE_ID,REGION_ID) values (4,'Obzor',1,2);
Insert into ADDRESSDB.POPULATED_AREAS (ID,NAME,TYPE_ID,REGION_ID) values (5,'Sofia',1,1);
REM INSERTING into ADDRESSDB.POPULATED_AREA_TYPES
SET DEFINE OFF;
Insert into ADDRESSDB.POPULATED_AREA_TYPES (ID,NAME) values (1,'city');
Insert into ADDRESSDB.POPULATED_AREA_TYPES (ID,NAME) values (2,'village');
REM INSERTING into ADDRESSDB.REGIONS
SET DEFINE OFF;
Insert into ADDRESSDB.REGIONS (ID,NAME,COUNTRY_ID) values (1,'Sofia',1);
Insert into ADDRESSDB.REGIONS (ID,NAME,COUNTRY_ID) values (2,'Burgas',1);
Insert into ADDRESSDB.REGIONS (ID,NAME,COUNTRY_ID) values (3,'Plovdiv',1);
Insert into ADDRESSDB.REGIONS (ID,NAME,COUNTRY_ID) values (4,'Varna',1);
Insert into ADDRESSDB.REGIONS (ID,NAME,COUNTRY_ID) values (5,'Pernic',1);
REM INSERTING into ADDRESSDB.STREETS
SET DEFINE OFF;
Insert into ADDRESSDB.STREETS (ID,NAME,MUNICIPALITY_ID) values (1,'Kostenski vodopad',5);
Insert into ADDRESSDB.STREETS (ID,NAME,MUNICIPALITY_ID) values (2,'Orehova gora',5);
Insert into ADDRESSDB.STREETS (ID,NAME,MUNICIPALITY_ID) values (3,'Obikolna',4);
--------------------------------------------------------
--  DDL for Index COUNTRIES_PK
--------------------------------------------------------

  CREATE UNIQUE INDEX "ADDRESSDB"."COUNTRIES_PK" ON "ADDRESSDB"."COUNTRIES" ("ID") 
  PCTFREE 10 INITRANS 2 MAXTRANS 255 
  STORAGE(INITIAL 65536 NEXT 1048576 MINEXTENTS 1 MAXEXTENTS 2147483645
  PCTINCREASE 0 FREELISTS 1 FREELIST GROUPS 1 BUFFER_POOL DEFAULT FLASH_CACHE DEFAULT CELL_FLASH_CACHE DEFAULT)
  TABLESPACE "SYSTEM" ;
--------------------------------------------------------
--  DDL for Index MUNICIPALITIES_PK
--------------------------------------------------------

  CREATE UNIQUE INDEX "ADDRESSDB"."MUNICIPALITIES_PK" ON "ADDRESSDB"."MUNICIPALITIES" ("ID") 
  PCTFREE 10 INITRANS 2 MAXTRANS 255 
  STORAGE(INITIAL 65536 NEXT 1048576 MINEXTENTS 1 MAXEXTENTS 2147483645
  PCTINCREASE 0 FREELISTS 1 FREELIST GROUPS 1 BUFFER_POOL DEFAULT FLASH_CACHE DEFAULT CELL_FLASH_CACHE DEFAULT)
  TABLESPACE "SYSTEM" ;
--------------------------------------------------------
--  DDL for Index STREETS_PK
--------------------------------------------------------

  CREATE UNIQUE INDEX "ADDRESSDB"."STREETS_PK" ON "ADDRESSDB"."STREETS" ("ID") 
  PCTFREE 10 INITRANS 2 MAXTRANS 255 
  STORAGE(INITIAL 65536 NEXT 1048576 MINEXTENTS 1 MAXEXTENTS 2147483645
  PCTINCREASE 0 FREELISTS 1 FREELIST GROUPS 1 BUFFER_POOL DEFAULT FLASH_CACHE DEFAULT CELL_FLASH_CACHE DEFAULT)
  TABLESPACE "SYSTEM" ;
--------------------------------------------------------
--  DDL for Index POPULATED_AREA_TYPES_PK
--------------------------------------------------------

  CREATE UNIQUE INDEX "ADDRESSDB"."POPULATED_AREA_TYPES_PK" ON "ADDRESSDB"."POPULATED_AREA_TYPES" ("ID") 
  PCTFREE 10 INITRANS 2 MAXTRANS 255 
  STORAGE(INITIAL 65536 NEXT 1048576 MINEXTENTS 1 MAXEXTENTS 2147483645
  PCTINCREASE 0 FREELISTS 1 FREELIST GROUPS 1 BUFFER_POOL DEFAULT FLASH_CACHE DEFAULT CELL_FLASH_CACHE DEFAULT)
  TABLESPACE "SYSTEM" ;
--------------------------------------------------------
--  DDL for Index POPULATED_AREAS_PK
--------------------------------------------------------

  CREATE UNIQUE INDEX "ADDRESSDB"."POPULATED_AREAS_PK" ON "ADDRESSDB"."POPULATED_AREAS" ("ID") 
  PCTFREE 10 INITRANS 2 MAXTRANS 255 
  STORAGE(INITIAL 65536 NEXT 1048576 MINEXTENTS 1 MAXEXTENTS 2147483645
  PCTINCREASE 0 FREELISTS 1 FREELIST GROUPS 1 BUFFER_POOL DEFAULT FLASH_CACHE DEFAULT CELL_FLASH_CACHE DEFAULT)
  TABLESPACE "SYSTEM" ;
--------------------------------------------------------
--  DDL for Index REGIONS_PK
--------------------------------------------------------

  CREATE UNIQUE INDEX "ADDRESSDB"."REGIONS_PK" ON "ADDRESSDB"."REGIONS" ("ID") 
  PCTFREE 10 INITRANS 2 MAXTRANS 255 
  STORAGE(INITIAL 65536 NEXT 1048576 MINEXTENTS 1 MAXEXTENTS 2147483645
  PCTINCREASE 0 FREELISTS 1 FREELIST GROUPS 1 BUFFER_POOL DEFAULT FLASH_CACHE DEFAULT CELL_FLASH_CACHE DEFAULT)
  TABLESPACE "SYSTEM" ;
--------------------------------------------------------
--  Constraints for Table COUNTRIES
--------------------------------------------------------

  ALTER TABLE "ADDRESSDB"."COUNTRIES" ADD CONSTRAINT "COUNTRIES_PK" PRIMARY KEY ("ID")
  USING INDEX PCTFREE 10 INITRANS 2 MAXTRANS 255 
  STORAGE(INITIAL 65536 NEXT 1048576 MINEXTENTS 1 MAXEXTENTS 2147483645
  PCTINCREASE 0 FREELISTS 1 FREELIST GROUPS 1 BUFFER_POOL DEFAULT FLASH_CACHE DEFAULT CELL_FLASH_CACHE DEFAULT)
  TABLESPACE "SYSTEM"  ENABLE;
  ALTER TABLE "ADDRESSDB"."COUNTRIES" MODIFY ("ID" NOT NULL ENABLE);
--------------------------------------------------------
--  Constraints for Table MUNICIPALITIES
--------------------------------------------------------

  ALTER TABLE "ADDRESSDB"."MUNICIPALITIES" ADD CONSTRAINT "MUNICIPALITIES_PK" PRIMARY KEY ("ID")
  USING INDEX PCTFREE 10 INITRANS 2 MAXTRANS 255 
  STORAGE(INITIAL 65536 NEXT 1048576 MINEXTENTS 1 MAXEXTENTS 2147483645
  PCTINCREASE 0 FREELISTS 1 FREELIST GROUPS 1 BUFFER_POOL DEFAULT FLASH_CACHE DEFAULT CELL_FLASH_CACHE DEFAULT)
  TABLESPACE "SYSTEM"  ENABLE;
  ALTER TABLE "ADDRESSDB"."MUNICIPALITIES" MODIFY ("ID" NOT NULL ENABLE);
--------------------------------------------------------
--  Constraints for Table REGIONS
--------------------------------------------------------

  ALTER TABLE "ADDRESSDB"."REGIONS" ADD CONSTRAINT "REGIONS_PK" PRIMARY KEY ("ID")
  USING INDEX PCTFREE 10 INITRANS 2 MAXTRANS 255 
  STORAGE(INITIAL 65536 NEXT 1048576 MINEXTENTS 1 MAXEXTENTS 2147483645
  PCTINCREASE 0 FREELISTS 1 FREELIST GROUPS 1 BUFFER_POOL DEFAULT FLASH_CACHE DEFAULT CELL_FLASH_CACHE DEFAULT)
  TABLESPACE "SYSTEM"  ENABLE;
  ALTER TABLE "ADDRESSDB"."REGIONS" MODIFY ("ID" NOT NULL ENABLE);
--------------------------------------------------------
--  Constraints for Table POPULATED_AREAS
--------------------------------------------------------

  ALTER TABLE "ADDRESSDB"."POPULATED_AREAS" ADD CONSTRAINT "POPULATED_AREAS_PK" PRIMARY KEY ("ID")
  USING INDEX PCTFREE 10 INITRANS 2 MAXTRANS 255 
  STORAGE(INITIAL 65536 NEXT 1048576 MINEXTENTS 1 MAXEXTENTS 2147483645
  PCTINCREASE 0 FREELISTS 1 FREELIST GROUPS 1 BUFFER_POOL DEFAULT FLASH_CACHE DEFAULT CELL_FLASH_CACHE DEFAULT)
  TABLESPACE "SYSTEM"  ENABLE;
  ALTER TABLE "ADDRESSDB"."POPULATED_AREAS" MODIFY ("ID" NOT NULL ENABLE);
--------------------------------------------------------
--  Constraints for Table STREETS
--------------------------------------------------------

  ALTER TABLE "ADDRESSDB"."STREETS" ADD CONSTRAINT "STREETS_PK" PRIMARY KEY ("ID")
  USING INDEX PCTFREE 10 INITRANS 2 MAXTRANS 255 
  STORAGE(INITIAL 65536 NEXT 1048576 MINEXTENTS 1 MAXEXTENTS 2147483645
  PCTINCREASE 0 FREELISTS 1 FREELIST GROUPS 1 BUFFER_POOL DEFAULT FLASH_CACHE DEFAULT CELL_FLASH_CACHE DEFAULT)
  TABLESPACE "SYSTEM"  ENABLE;
  ALTER TABLE "ADDRESSDB"."STREETS" MODIFY ("ID" NOT NULL ENABLE);
--------------------------------------------------------
--  Constraints for Table POPULATED_AREA_TYPES
--------------------------------------------------------

  ALTER TABLE "ADDRESSDB"."POPULATED_AREA_TYPES" ADD CONSTRAINT "POPULATED_AREA_TYPES_PK" PRIMARY KEY ("ID")
  USING INDEX PCTFREE 10 INITRANS 2 MAXTRANS 255 
  STORAGE(INITIAL 65536 NEXT 1048576 MINEXTENTS 1 MAXEXTENTS 2147483645
  PCTINCREASE 0 FREELISTS 1 FREELIST GROUPS 1 BUFFER_POOL DEFAULT FLASH_CACHE DEFAULT CELL_FLASH_CACHE DEFAULT)
  TABLESPACE "SYSTEM"  ENABLE;
  ALTER TABLE "ADDRESSDB"."POPULATED_AREA_TYPES" MODIFY ("ID" NOT NULL ENABLE);
--------------------------------------------------------
--  Ref Constraints for Table MUNICIPALITIES
--------------------------------------------------------

  ALTER TABLE "ADDRESSDB"."MUNICIPALITIES" ADD CONSTRAINT "MUNICIPALITIES_FK1" FOREIGN KEY ("POPULATED_AREA_ID")
	  REFERENCES "ADDRESSDB"."POPULATED_AREAS" ("ID") ENABLE;
--------------------------------------------------------
--  Ref Constraints for Table POPULATED_AREAS
--------------------------------------------------------

  ALTER TABLE "ADDRESSDB"."POPULATED_AREAS" ADD CONSTRAINT "POPULATED_AREAS_FK1" FOREIGN KEY ("TYPE_ID")
	  REFERENCES "ADDRESSDB"."POPULATED_AREA_TYPES" ("ID") ENABLE;
  ALTER TABLE "ADDRESSDB"."POPULATED_AREAS" ADD CONSTRAINT "POPULATED_AREAS_FK2" FOREIGN KEY ("REGION_ID")
	  REFERENCES "ADDRESSDB"."REGIONS" ("ID") ENABLE;
--------------------------------------------------------
--  Ref Constraints for Table REGIONS
--------------------------------------------------------

  ALTER TABLE "ADDRESSDB"."REGIONS" ADD CONSTRAINT "REGIONS_FK1" FOREIGN KEY ("COUNTRY_ID")
	  REFERENCES "ADDRESSDB"."COUNTRIES" ("ID") ENABLE;
--------------------------------------------------------
--  Ref Constraints for Table STREETS
--------------------------------------------------------

  ALTER TABLE "ADDRESSDB"."STREETS" ADD CONSTRAINT "STREETS_FK1" FOREIGN KEY ("MUNICIPALITY_ID")
	  REFERENCES "ADDRESSDB"."MUNICIPALITIES" ("ID") ENABLE;
